group, bert/cosine total score, bert/cosine reduced total score
ethernet, -0.012737163644586061, 0.31584782855635557
network, -0.04107570811804082, 0.3632316103809186
