group, bert/cosine total score, bert/cosine reduced total score
ethernet, 0.06969762146472931, 0.3963555589111315
network, 0.10363330207765102, 0.4022895178654128
