group, bert/cosine total score, bert/cosine reduced total score
ethernet, 0.02861089548484112, 0.3666082696678738
network, 0.07727034104755148, 0.38741463715753827
