group, bert/cosine total score, bert/cosine reduced total score
ethernet, -0.002399810767244725, 0.27409056041921886
government, -0.035045726712615716, 0.3047921114734241
network, -0.10986946913458052, 0.29474911377543495
