group, bert/cosine total score, bert/cosine reduced total score
ethernet, 0.10652042552828789, 0.4063117063659079
government, 0.04921898552600075, 0.4114326994099161
network, 0.0984958596253658, 0.3990366752533352
