group, bert/cosine total score, bert/cosine reduced total score
ethernet, 0.07767715107421486, 0.39719165846401333
network, 0.06560518575490129, 0.3653905117808252
